case_index,length,pattern,lane_mask,ack_lane_mask,crc32,result
0,1,zeros,0x1,0x1,0xd202ef8d,PASS
1,1,ones,0x1,0x1,0xff000000,PASS
2,1,0xAA,0x1,0x1,0xe401a57b,PASS
3,1,0x55,0x1,0x1,0xc9034af6,PASS
4,1,counter,0x1,0x1,0xd202ef8d,PASS
5,1,walking_one,0x1,0x1,0xa505df1b,PASS
6,1,walking_zero,0x1,0x1,0x88073096,PASS
7,1,prbs7,0x1,0x1,0x15d54739,PASS
8,1,prbs15,0x1,0x1,0x67d220bc,PASS
9,1,deterministic_random,0x1,0x1,0x2bbb30e2,PASS
10,2,zeros,0x1,0x1,0x41d912ff,PASS
11,2,ones,0x1,0x1,0xffff0000,PASS
12,2,0xAA,0x1,0x1,0x23320c6a,PASS
13,2,0x55,0x1,0x1,0x9d141e95,PASS
14,2,counter,0x1,0x1,0x36de2269,PASS
15,2,walking_one,0x1,0x1,0xb6cc4292,PASS
16,2,walking_zero,0x1,0x1,0x08ea506d,PASS
17,2,prbs7,0x1,0x1,0x59a98220,PASS
18,2,prbs15,0x1,0x1,0x3adde99e,PASS
19,2,deterministic_random,0x1,0x1,0xfa2bec23,PASS
20,3,zeros,0x1,0x1,0xff41d912,PASS
21,3,ones,0x1,0x1,0xffffff00,PASS
22,3,0xAA,0x1,0x1,0x49451f31,PASS
23,3,0x55,0x1,0x1,0x49fb3923,PASS
24,3,counter,0x1,0x1,0x0854897f,PASS
25,3,walking_one,0x1,0x1,0xcbd815be,PASS
26,3,walking_zero,0x1,0x1,0xcb6633ac,PASS
27,3,prbs7,0x1,0x1,0x30e33c1b,PASS
28,3,prbs15,0x1,0x1,0x94518c1d,PASS
29,3,deterministic_random,0x1,0x1,0x512b41a6,PASS
30,4,zeros,0x1,0x1,0x2144df1c,PASS
31,4,ones,0x1,0x1,0xffffffff,PASS
32,4,0xAA,0x1,0x1,0xb596e05e,PASS
33,4,0x55,0x1,0x1,0x6b2dc0bd,PASS
34,4,counter,0x1,0x1,0x8bb98613,PASS
35,4,walking_one,0x1,0x1,0xf0cb2121,PASS
36,4,walking_zero,0x1,0x1,0x2e7001c2,PASS
37,4,prbs7,0x1,0x1,0x248b2aea,PASS
38,4,prbs15,0x1,0x1,0xc5210042,PASS
39,4,deterministic_random,0x1,0x1,0x3d86d4e6,PASS
40,7,zeros,0x1,0x1,0x9d6cdf7e,PASS
41,7,ones,0x1,0x1,0xff41d9ed,PASS
42,7,0xAA,0x1,0x1,0x6875d9a3,PASS
43,7,0x55,0x1,0x1,0x0a58df30,PASS
44,7,counter,0x1,0x1,0xad5809f9,PASS
45,7,walking_one,0x1,0x1,0xb9993dac,PASS
46,7,walking_zero,0x1,0x1,0xdbb43b3f,PASS
47,7,prbs7,0x1,0x1,0xb649d95d,PASS
48,7,prbs15,0x1,0x1,0xfa67a320,PASS
49,7,deterministic_random,0x1,0x1,0xa2422474,PASS
50,8,zeros,0x1,0x1,0x6522df69,PASS
51,8,ones,0x1,0x1,0x2144df1c,PASS
52,8,0xAA,0x1,0x1,0xabb622f0,PASS
53,8,0x55,0x1,0x1,0xefd02285,PASS
54,8,counter,0x1,0x1,0x88aa689f,PASS
55,8,walking_one,0x1,0x1,0xe0631a53,PASS
56,8,walking_zero,0x1,0x1,0xa4051a26,PASS
57,8,prbs7,0x1,0x1,0xd402134b,PASS
58,8,prbs15,0x1,0x1,0xaaff418c,PASS
59,8,deterministic_random,0x1,0x1,0x1eacda3c,PASS
60,15,zeros,0x1,0x1,0xd7d303e7,PASS
61,15,ones,0x1,0x1,0x09aab77f,PASS
62,15,0xAA,0x1,0x1,0x438224f7,PASS
63,15,0x55,0x1,0x1,0x9dfb906f,PASS
64,15,counter,0x1,0x1,0xa06c675e,PASS
65,15,walking_one,0x1,0x1,0x0104a3de,PASS
66,15,walking_zero,0x1,0x1,0xdf7d1746,PASS
67,15,prbs7,0x1,0x1,0x39e043c4,PASS
68,15,prbs15,0x1,0x1,0x319d45ce,PASS
69,15,deterministic_random,0x1,0x1,0x5cb641b8,PASS
70,16,zeros,0x1,0x1,0xecbb4b55,PASS
71,16,ones,0x1,0x1,0x3fb3c61a,PASS
72,16,0xAA,0x1,0x1,0xc79b40e0,PASS
73,16,0x55,0x1,0x1,0x1493cdaf,PASS
74,16,counter,0x1,0x1,0xcecee288,PASS
75,16,walking_one,0x1,0x1,0x5ed097dd,PASS
76,16,walking_zero,0x1,0x1,0x8dd81a92,PASS
77,16,prbs7,0x1,0x1,0xe655d632,PASS
78,16,prbs15,0x1,0x1,0x315079da,PASS
79,16,deterministic_random,0x1,0x1,0x0188ad37,PASS
80,31,zeros,0x1,0x1,0x6909acb0,PASS
81,31,ones,0x1,0x1,0x6cab0b00,PASS
82,31,0xAA,0x1,0x1,0xd91a6baf,PASS
83,31,0x55,0x1,0x1,0xdcb8cc1f,PASS
84,31,counter,0x1,0x1,0x4d786d77,PASS
85,31,walking_one,0x1,0x1,0xc1b22761,PASS
86,31,walking_zero,0x1,0x1,0xc41080d1,PASS
87,31,prbs7,0x1,0x1,0x77a113e1,PASS
88,31,prbs15,0x1,0x1,0x85525ba6,PASS
89,31,deterministic_random,0x1,0x1,0xb8ddc2c4,PASS
90,32,zeros,0x1,0x1,0x190a55ad,PASS
91,32,ones,0x1,0x1,0xff6cab0b,PASS
92,32,0xAA,0x1,0x1,0xa2b10169,PASS
93,32,0x55,0x1,0x1,0x44d7ffcf,PASS
94,32,counter,0x1,0x1,0x91267e8a,PASS
95,32,walking_one,0x1,0x1,0x05ce8f44,PASS
96,32,walking_zero,0x1,0x1,0xe3a871e2,PASS
97,32,prbs7,0x1,0x1,0x6ac8eb91,PASS
98,32,prbs15,0x1,0x1,0xb3ec4205,PASS
99,32,deterministic_random,0x1,0x1,0x2c6e2939,PASS
100,63,zeros,0x1,0x1,0xe8aadae4,PASS
101,63,ones,0x1,0x1,0x6e14fe90,PASS
102,63,0xAA,0x1,0x1,0xa551e083,PASS
103,63,0x55,0x1,0x1,0x23efc4f7,PASS
104,63,counter,0x1,0x1,0xdbdea683,PASS
105,63,walking_one,0x1,0x1,0xeaeeb867,PASS
106,63,walking_zero,0x1,0x1,0x6c509c13,PASS
107,63,prbs7,0x1,0x1,0x4086b052,PASS
108,63,prbs15,0x1,0x1,0xcdeea725,PASS
109,63,deterministic_random,0x1,0x1,0xf71b5749,PASS
110,64,zeros,0x1,0x1,0x758d6336,PASS
111,64,ones,0x1,0x1,0x0f6187ba,PASS
112,64,0xAA,0x1,0x1,0x90152601,PASS
113,64,0x55,0x1,0x1,0xeaf9c28d,PASS
114,64,counter,0x1,0x1,0x100ece8c,PASS
115,64,walking_one,0x1,0x1,0xec8676ee,PASS
116,64,walking_zero,0x1,0x1,0x966a9262,PASS
117,64,prbs7,0x1,0x1,0xec2c1ee6,PASS
118,64,prbs15,0x1,0x1,0xae13ee9d,PASS
119,64,deterministic_random,0x1,0x1,0x8f9defd8,PASS
120,127,zeros,0x1,0x1,0x706f4a9a,PASS
121,127,ones,0x1,0x1,0x92e7fa81,PASS
122,127,0xAA,0x1,0x1,0x7a4f68b7,PASS
123,127,0x55,0x1,0x1,0x98c7d8ac,PASS
124,127,counter,0x1,0x1,0xdec481aa,PASS
125,127,walking_one,0x1,0x1,0x685789cf,PASS
126,127,walking_zero,0x1,0x1,0x8adf39d4,PASS
127,127,prbs7,0x1,0x1,0xf6670ccd,PASS
128,127,prbs15,0x1,0x1,0x3e7a5bc0,PASS
129,127,deterministic_random,0x1,0x1,0xa7e2ca22,PASS
130,128,zeros,0x1,0x1,0xc2a8fa9d,PASS
131,128,ones,0x1,0x1,0x652d544c,PASS
132,128,0xAA,0x1,0x1,0xb17ecc3c,PASS
133,128,0x55,0x1,0x1,0x16fb62ed,PASS
134,128,counter,0x1,0x1,0x24650d57,PASS
135,128,walking_one,0x1,0x1,0x3409e405,PASS
136,128,walking_zero,0x1,0x1,0x938c4ad4,PASS
137,128,prbs7,0x1,0x1,0xf0f69e38,PASS
138,128,prbs15,0x1,0x1,0x958e5aa9,PASS
139,128,deterministic_random,0x1,0x1,0x1d1f98de,PASS
140,191,zeros,0x1,0x1,0x4eda687c,PASS
141,191,ones,0x1,0x1,0x044a1a57,PASS
142,191,0xAA,0x1,0x1,0x8b153671,PASS
143,191,0x55,0x1,0x1,0xc185445a,PASS
144,191,counter,0x1,0x1,0x71867641,PASS
145,191,walking_one,0x1,0x1,0xfb6a65a0,PASS
146,191,walking_zero,0x1,0x1,0xb1fa178b,PASS
147,191,prbs7,0x1,0x1,0xbc8a8b19,PASS
148,191,prbs15,0x1,0x1,0x0a04d36e,PASS
149,191,deterministic_random,0x1,0x1,0x57a9ea3e,PASS
150,247,zeros,0x1,0x1,0xa491b1d2,PASS
151,247,ones,0x1,0x1,0x072c7010,PASS
152,247,0xAA,0x1,0x1,0x664730ae,PASS
153,247,0x55,0x1,0x1,0xc5faf16c,PASS
154,247,counter,0x1,0x1,0x9352f266,PASS
155,247,walking_one,0x1,0x1,0x1da6da27,PASS
156,247,walking_zero,0x1,0x1,0xbe1b1be5,PASS
157,247,prbs7,0x1,0x1,0x1249f340,PASS
158,247,prbs15,0x1,0x1,0x686b549b,PASS
159,247,deterministic_random,0x1,0x1,0x6a3cdf0c,PASS
