case,type,payload_len,pattern,lane_mask,ack_lane_mask,session,payload_crc32,lanes_expected,crc_bad,payload_mismatch,tx_retry_exhausted,tx_fail,status,reason
len1_zeros_mask0x1,positive,1,zeros,0x1,0x1,0x2201,0xd202ef8d,0,0,0,0,0,PASS,reference payload encode/decode and digest match
len1_zeros_mask0x2,positive,1,zeros,0x2,0x2,0x2201,0xd202ef8d,1,0,0,0,0,PASS,reference payload encode/decode and digest match
len1_zeros_mask0x3,positive,1,zeros,0x3,0x3,0x2201,0xd202ef8d,"0,1",0,0,0,0,PASS,reference payload encode/decode and digest match
len1_ones_mask0x1,positive,1,ones,0x1,0x1,0x2201,0xff000000,0,0,0,0,0,PASS,reference payload encode/decode and digest match
len1_ones_mask0x2,positive,1,ones,0x2,0x2,0x2201,0xff000000,1,0,0,0,0,PASS,reference payload encode/decode and digest match
len1_ones_mask0x3,positive,1,ones,0x3,0x3,0x2201,0xff000000,"0,1",0,0,0,0,PASS,reference payload encode/decode and digest match
len1_0xAA_mask0x1,positive,1,0xAA,0x1,0x1,0x2201,0xe401a57b,0,0,0,0,0,PASS,reference payload encode/decode and digest match
len1_0xAA_mask0x2,positive,1,0xAA,0x2,0x2,0x2201,0xe401a57b,1,0,0,0,0,PASS,reference payload encode/decode and digest match
len1_0xAA_mask0x3,positive,1,0xAA,0x3,0x3,0x2201,0xe401a57b,"0,1",0,0,0,0,PASS,reference payload encode/decode and digest match
len1_0x55_mask0x1,positive,1,0x55,0x1,0x1,0x2201,0xc9034af6,0,0,0,0,0,PASS,reference payload encode/decode and digest match
len1_0x55_mask0x2,positive,1,0x55,0x2,0x2,0x2201,0xc9034af6,1,0,0,0,0,PASS,reference payload encode/decode and digest match
len1_0x55_mask0x3,positive,1,0x55,0x3,0x3,0x2201,0xc9034af6,"0,1",0,0,0,0,PASS,reference payload encode/decode and digest match
len1_counter_mask0x1,positive,1,counter,0x1,0x1,0x2201,0xd202ef8d,0,0,0,0,0,PASS,reference payload encode/decode and digest match
len1_counter_mask0x2,positive,1,counter,0x2,0x2,0x2201,0xd202ef8d,1,0,0,0,0,PASS,reference payload encode/decode and digest match
len1_counter_mask0x3,positive,1,counter,0x3,0x3,0x2201,0xd202ef8d,"0,1",0,0,0,0,PASS,reference payload encode/decode and digest match
len1_walking_one_mask0x1,positive,1,walking_one,0x1,0x1,0x2201,0xa505df1b,0,0,0,0,0,PASS,reference payload encode/decode and digest match
len1_walking_one_mask0x2,positive,1,walking_one,0x2,0x2,0x2201,0xa505df1b,1,0,0,0,0,PASS,reference payload encode/decode and digest match
len1_walking_one_mask0x3,positive,1,walking_one,0x3,0x3,0x2201,0xa505df1b,"0,1",0,0,0,0,PASS,reference payload encode/decode and digest match
len1_walking_zero_mask0x1,positive,1,walking_zero,0x1,0x1,0x2201,0x88073096,0,0,0,0,0,PASS,reference payload encode/decode and digest match
len1_walking_zero_mask0x2,positive,1,walking_zero,0x2,0x2,0x2201,0x88073096,1,0,0,0,0,PASS,reference payload encode/decode and digest match
len1_walking_zero_mask0x3,positive,1,walking_zero,0x3,0x3,0x2201,0x88073096,"0,1",0,0,0,0,PASS,reference payload encode/decode and digest match
len1_prbs7_mask0x1,positive,1,prbs7,0x1,0x1,0x2201,0x15d54739,0,0,0,0,0,PASS,reference payload encode/decode and digest match
len1_prbs7_mask0x2,positive,1,prbs7,0x2,0x2,0x2201,0x15d54739,1,0,0,0,0,PASS,reference payload encode/decode and digest match
len1_prbs7_mask0x3,positive,1,prbs7,0x3,0x3,0x2201,0x15d54739,"0,1",0,0,0,0,PASS,reference payload encode/decode and digest match
len1_prbs15_mask0x1,positive,1,prbs15,0x1,0x1,0x2201,0x67d220bc,0,0,0,0,0,PASS,reference payload encode/decode and digest match
len1_prbs15_mask0x2,positive,1,prbs15,0x2,0x2,0x2201,0x67d220bc,1,0,0,0,0,PASS,reference payload encode/decode and digest match
len1_prbs15_mask0x3,positive,1,prbs15,0x3,0x3,0x2201,0x67d220bc,"0,1",0,0,0,0,PASS,reference payload encode/decode and digest match
len1_deterministic_random_mask0x1,positive,1,deterministic_random,0x1,0x1,0x2201,0x2bbb30e2,0,0,0,0,0,PASS,reference payload encode/decode and digest match
len1_deterministic_random_mask0x2,positive,1,deterministic_random,0x2,0x2,0x2201,0x2bbb30e2,1,0,0,0,0,PASS,reference payload encode/decode and digest match
len1_deterministic_random_mask0x3,positive,1,deterministic_random,0x3,0x3,0x2201,0x2bbb30e2,"0,1",0,0,0,0,PASS,reference payload encode/decode and digest match
len2_zeros_mask0x1,positive,2,zeros,0x1,0x1,0x2201,0x41d912ff,0,0,0,0,0,PASS,reference payload encode/decode and digest match
len2_zeros_mask0x2,positive,2,zeros,0x2,0x2,0x2201,0x41d912ff,1,0,0,0,0,PASS,reference payload encode/decode and digest match
len2_zeros_mask0x3,positive,2,zeros,0x3,0x3,0x2201,0x41d912ff,"0,1",0,0,0,0,PASS,reference payload encode/decode and digest match
len2_ones_mask0x1,positive,2,ones,0x1,0x1,0x2201,0xffff0000,0,0,0,0,0,PASS,reference payload encode/decode and digest match
len2_ones_mask0x2,positive,2,ones,0x2,0x2,0x2201,0xffff0000,1,0,0,0,0,PASS,reference payload encode/decode and digest match
len2_ones_mask0x3,positive,2,ones,0x3,0x3,0x2201,0xffff0000,"0,1",0,0,0,0,PASS,reference payload encode/decode and digest match
len2_0xAA_mask0x1,positive,2,0xAA,0x1,0x1,0x2201,0x23320c6a,0,0,0,0,0,PASS,reference payload encode/decode and digest match
len2_0xAA_mask0x2,positive,2,0xAA,0x2,0x2,0x2201,0x23320c6a,1,0,0,0,0,PASS,reference payload encode/decode and digest match
len2_0xAA_mask0x3,positive,2,0xAA,0x3,0x3,0x2201,0x23320c6a,"0,1",0,0,0,0,PASS,reference payload encode/decode and digest match
len2_0x55_mask0x1,positive,2,0x55,0x1,0x1,0x2201,0x9d141e95,0,0,0,0,0,PASS,reference payload encode/decode and digest match
len2_0x55_mask0x2,positive,2,0x55,0x2,0x2,0x2201,0x9d141e95,1,0,0,0,0,PASS,reference payload encode/decode and digest match
len2_0x55_mask0x3,positive,2,0x55,0x3,0x3,0x2201,0x9d141e95,"0,1",0,0,0,0,PASS,reference payload encode/decode and digest match
len2_counter_mask0x1,positive,2,counter,0x1,0x1,0x2201,0x36de2269,0,0,0,0,0,PASS,reference payload encode/decode and digest match
len2_counter_mask0x2,positive,2,counter,0x2,0x2,0x2201,0x36de2269,1,0,0,0,0,PASS,reference payload encode/decode and digest match
len2_counter_mask0x3,positive,2,counter,0x3,0x3,0x2201,0x36de2269,"0,1",0,0,0,0,PASS,reference payload encode/decode and digest match
len2_walking_one_mask0x1,positive,2,walking_one,0x1,0x1,0x2201,0xb6cc4292,0,0,0,0,0,PASS,reference payload encode/decode and digest match
len2_walking_one_mask0x2,positive,2,walking_one,0x2,0x2,0x2201,0xb6cc4292,1,0,0,0,0,PASS,reference payload encode/decode and digest match
len2_walking_one_mask0x3,positive,2,walking_one,0x3,0x3,0x2201,0xb6cc4292,"0,1",0,0,0,0,PASS,reference payload encode/decode and digest match
len2_walking_zero_mask0x1,positive,2,walking_zero,0x1,0x1,0x2201,0x08ea506d,0,0,0,0,0,PASS,reference payload encode/decode and digest match
len2_walking_zero_mask0x2,positive,2,walking_zero,0x2,0x2,0x2201,0x08ea506d,1,0,0,0,0,PASS,reference payload encode/decode and digest match
len2_walking_zero_mask0x3,positive,2,walking_zero,0x3,0x3,0x2201,0x08ea506d,"0,1",0,0,0,0,PASS,reference payload encode/decode and digest match
len2_prbs7_mask0x1,positive,2,prbs7,0x1,0x1,0x2201,0x59a98220,0,0,0,0,0,PASS,reference payload encode/decode and digest match
len2_prbs7_mask0x2,positive,2,prbs7,0x2,0x2,0x2201,0x59a98220,1,0,0,0,0,PASS,reference payload encode/decode and digest match
len2_prbs7_mask0x3,positive,2,prbs7,0x3,0x3,0x2201,0x59a98220,"0,1",0,0,0,0,PASS,reference payload encode/decode and digest match
len2_prbs15_mask0x1,positive,2,prbs15,0x1,0x1,0x2201,0x3adde99e,0,0,0,0,0,PASS,reference payload encode/decode and digest match
len2_prbs15_mask0x2,positive,2,prbs15,0x2,0x2,0x2201,0x3adde99e,1,0,0,0,0,PASS,reference payload encode/decode and digest match
len2_prbs15_mask0x3,positive,2,prbs15,0x3,0x3,0x2201,0x3adde99e,"0,1",0,0,0,0,PASS,reference payload encode/decode and digest match
len2_deterministic_random_mask0x1,positive,2,deterministic_random,0x1,0x1,0x2201,0xfa2bec23,0,0,0,0,0,PASS,reference payload encode/decode and digest match
len2_deterministic_random_mask0x2,positive,2,deterministic_random,0x2,0x2,0x2201,0xfa2bec23,1,0,0,0,0,PASS,reference payload encode/decode and digest match
len2_deterministic_random_mask0x3,positive,2,deterministic_random,0x3,0x3,0x2201,0xfa2bec23,"0,1",0,0,0,0,PASS,reference payload encode/decode and digest match
len3_zeros_mask0x1,positive,3,zeros,0x1,0x1,0x2201,0xff41d912,0,0,0,0,0,PASS,reference payload encode/decode and digest match
len3_zeros_mask0x2,positive,3,zeros,0x2,0x2,0x2201,0xff41d912,1,0,0,0,0,PASS,reference payload encode/decode and digest match
len3_zeros_mask0x3,positive,3,zeros,0x3,0x3,0x2201,0xff41d912,"0,1",0,0,0,0,PASS,reference payload encode/decode and digest match
len3_ones_mask0x1,positive,3,ones,0x1,0x1,0x2201,0xffffff00,0,0,0,0,0,PASS,reference payload encode/decode and digest match
len3_ones_mask0x2,positive,3,ones,0x2,0x2,0x2201,0xffffff00,1,0,0,0,0,PASS,reference payload encode/decode and digest match
len3_ones_mask0x3,positive,3,ones,0x3,0x3,0x2201,0xffffff00,"0,1",0,0,0,0,PASS,reference payload encode/decode and digest match
len3_0xAA_mask0x1,positive,3,0xAA,0x1,0x1,0x2201,0x49451f31,0,0,0,0,0,PASS,reference payload encode/decode and digest match
len3_0xAA_mask0x2,positive,3,0xAA,0x2,0x2,0x2201,0x49451f31,1,0,0,0,0,PASS,reference payload encode/decode and digest match
len3_0xAA_mask0x3,positive,3,0xAA,0x3,0x3,0x2201,0x49451f31,"0,1",0,0,0,0,PASS,reference payload encode/decode and digest match
len3_0x55_mask0x1,positive,3,0x55,0x1,0x1,0x2201,0x49fb3923,0,0,0,0,0,PASS,reference payload encode/decode and digest match
len3_0x55_mask0x2,positive,3,0x55,0x2,0x2,0x2201,0x49fb3923,1,0,0,0,0,PASS,reference payload encode/decode and digest match
len3_0x55_mask0x3,positive,3,0x55,0x3,0x3,0x2201,0x49fb3923,"0,1",0,0,0,0,PASS,reference payload encode/decode and digest match
len3_counter_mask0x1,positive,3,counter,0x1,0x1,0x2201,0x0854897f,0,0,0,0,0,PASS,reference payload encode/decode and digest match
len3_counter_mask0x2,positive,3,counter,0x2,0x2,0x2201,0x0854897f,1,0,0,0,0,PASS,reference payload encode/decode and digest match
len3_counter_mask0x3,positive,3,counter,0x3,0x3,0x2201,0x0854897f,"0,1",0,0,0,0,PASS,reference payload encode/decode and digest match
len3_walking_one_mask0x1,positive,3,walking_one,0x1,0x1,0x2201,0xcbd815be,0,0,0,0,0,PASS,reference payload encode/decode and digest match
len3_walking_one_mask0x2,positive,3,walking_one,0x2,0x2,0x2201,0xcbd815be,1,0,0,0,0,PASS,reference payload encode/decode and digest match
len3_walking_one_mask0x3,positive,3,walking_one,0x3,0x3,0x2201,0xcbd815be,"0,1",0,0,0,0,PASS,reference payload encode/decode and digest match
len3_walking_zero_mask0x1,positive,3,walking_zero,0x1,0x1,0x2201,0xcb6633ac,0,0,0,0,0,PASS,reference payload encode/decode and digest match
len3_walking_zero_mask0x2,positive,3,walking_zero,0x2,0x2,0x2201,0xcb6633ac,1,0,0,0,0,PASS,reference payload encode/decode and digest match
len3_walking_zero_mask0x3,positive,3,walking_zero,0x3,0x3,0x2201,0xcb6633ac,"0,1",0,0,0,0,PASS,reference payload encode/decode and digest match
len3_prbs7_mask0x1,positive,3,prbs7,0x1,0x1,0x2201,0x30e33c1b,0,0,0,0,0,PASS,reference payload encode/decode and digest match
len3_prbs7_mask0x2,positive,3,prbs7,0x2,0x2,0x2201,0x30e33c1b,1,0,0,0,0,PASS,reference payload encode/decode and digest match
len3_prbs7_mask0x3,positive,3,prbs7,0x3,0x3,0x2201,0x30e33c1b,"0,1",0,0,0,0,PASS,reference payload encode/decode and digest match
len3_prbs15_mask0x1,positive,3,prbs15,0x1,0x1,0x2201,0x94518c1d,0,0,0,0,0,PASS,reference payload encode/decode and digest match
len3_prbs15_mask0x2,positive,3,prbs15,0x2,0x2,0x2201,0x94518c1d,1,0,0,0,0,PASS,reference payload encode/decode and digest match
len3_prbs15_mask0x3,positive,3,prbs15,0x3,0x3,0x2201,0x94518c1d,"0,1",0,0,0,0,PASS,reference payload encode/decode and digest match
len3_deterministic_random_mask0x1,positive,3,deterministic_random,0x1,0x1,0x2201,0x512b41a6,0,0,0,0,0,PASS,reference payload encode/decode and digest match
len3_deterministic_random_mask0x2,positive,3,deterministic_random,0x2,0x2,0x2201,0x512b41a6,1,0,0,0,0,PASS,reference payload encode/decode and digest match
len3_deterministic_random_mask0x3,positive,3,deterministic_random,0x3,0x3,0x2201,0x512b41a6,"0,1",0,0,0,0,PASS,reference payload encode/decode and digest match
len4_zeros_mask0x1,positive,4,zeros,0x1,0x1,0x2201,0x2144df1c,0,0,0,0,0,PASS,reference payload encode/decode and digest match
len4_zeros_mask0x2,positive,4,zeros,0x2,0x2,0x2201,0x2144df1c,1,0,0,0,0,PASS,reference payload encode/decode and digest match
len4_zeros_mask0x3,positive,4,zeros,0x3,0x3,0x2201,0x2144df1c,"0,1",0,0,0,0,PASS,reference payload encode/decode and digest match
len4_ones_mask0x1,positive,4,ones,0x1,0x1,0x2201,0xffffffff,0,0,0,0,0,PASS,reference payload encode/decode and digest match
len4_ones_mask0x2,positive,4,ones,0x2,0x2,0x2201,0xffffffff,1,0,0,0,0,PASS,reference payload encode/decode and digest match
len4_ones_mask0x3,positive,4,ones,0x3,0x3,0x2201,0xffffffff,"0,1",0,0,0,0,PASS,reference payload encode/decode and digest match
len4_0xAA_mask0x1,positive,4,0xAA,0x1,0x1,0x2201,0xb596e05e,0,0,0,0,0,PASS,reference payload encode/decode and digest match
len4_0xAA_mask0x2,positive,4,0xAA,0x2,0x2,0x2201,0xb596e05e,1,0,0,0,0,PASS,reference payload encode/decode and digest match
len4_0xAA_mask0x3,positive,4,0xAA,0x3,0x3,0x2201,0xb596e05e,"0,1",0,0,0,0,PASS,reference payload encode/decode and digest match
len4_0x55_mask0x1,positive,4,0x55,0x1,0x1,0x2201,0x6b2dc0bd,0,0,0,0,0,PASS,reference payload encode/decode and digest match
len4_0x55_mask0x2,positive,4,0x55,0x2,0x2,0x2201,0x6b2dc0bd,1,0,0,0,0,PASS,reference payload encode/decode and digest match
len4_0x55_mask0x3,positive,4,0x55,0x3,0x3,0x2201,0x6b2dc0bd,"0,1",0,0,0,0,PASS,reference payload encode/decode and digest match
len4_counter_mask0x1,positive,4,counter,0x1,0x1,0x2201,0x8bb98613,0,0,0,0,0,PASS,reference payload encode/decode and digest match
len4_counter_mask0x2,positive,4,counter,0x2,0x2,0x2201,0x8bb98613,1,0,0,0,0,PASS,reference payload encode/decode and digest match
len4_counter_mask0x3,positive,4,counter,0x3,0x3,0x2201,0x8bb98613,"0,1",0,0,0,0,PASS,reference payload encode/decode and digest match
len4_walking_one_mask0x1,positive,4,walking_one,0x1,0x1,0x2201,0xf0cb2121,0,0,0,0,0,PASS,reference payload encode/decode and digest match
len4_walking_one_mask0x2,positive,4,walking_one,0x2,0x2,0x2201,0xf0cb2121,1,0,0,0,0,PASS,reference payload encode/decode and digest match
len4_walking_one_mask0x3,positive,4,walking_one,0x3,0x3,0x2201,0xf0cb2121,"0,1",0,0,0,0,PASS,reference payload encode/decode and digest match
len4_walking_zero_mask0x1,positive,4,walking_zero,0x1,0x1,0x2201,0x2e7001c2,0,0,0,0,0,PASS,reference payload encode/decode and digest match
len4_walking_zero_mask0x2,positive,4,walking_zero,0x2,0x2,0x2201,0x2e7001c2,1,0,0,0,0,PASS,reference payload encode/decode and digest match
len4_walking_zero_mask0x3,positive,4,walking_zero,0x3,0x3,0x2201,0x2e7001c2,"0,1",0,0,0,0,PASS,reference payload encode/decode and digest match
len4_prbs7_mask0x1,positive,4,prbs7,0x1,0x1,0x2201,0x248b2aea,0,0,0,0,0,PASS,reference payload encode/decode and digest match
len4_prbs7_mask0x2,positive,4,prbs7,0x2,0x2,0x2201,0x248b2aea,1,0,0,0,0,PASS,reference payload encode/decode and digest match
len4_prbs7_mask0x3,positive,4,prbs7,0x3,0x3,0x2201,0x248b2aea,"0,1",0,0,0,0,PASS,reference payload encode/decode and digest match
len4_prbs15_mask0x1,positive,4,prbs15,0x1,0x1,0x2201,0xc5210042,0,0,0,0,0,PASS,reference payload encode/decode and digest match
len4_prbs15_mask0x2,positive,4,prbs15,0x2,0x2,0x2201,0xc5210042,1,0,0,0,0,PASS,reference payload encode/decode and digest match
len4_prbs15_mask0x3,positive,4,prbs15,0x3,0x3,0x2201,0xc5210042,"0,1",0,0,0,0,PASS,reference payload encode/decode and digest match
len4_deterministic_random_mask0x1,positive,4,deterministic_random,0x1,0x1,0x2201,0x3d86d4e6,0,0,0,0,0,PASS,reference payload encode/decode and digest match
len4_deterministic_random_mask0x2,positive,4,deterministic_random,0x2,0x2,0x2201,0x3d86d4e6,1,0,0,0,0,PASS,reference payload encode/decode and digest match
len4_deterministic_random_mask0x3,positive,4,deterministic_random,0x3,0x3,0x2201,0x3d86d4e6,"0,1",0,0,0,0,PASS,reference payload encode/decode and digest match
len7_zeros_mask0x1,positive,7,zeros,0x1,0x1,0x2201,0x9d6cdf7e,0,0,0,0,0,PASS,reference payload encode/decode and digest match
len7_zeros_mask0x2,positive,7,zeros,0x2,0x2,0x2201,0x9d6cdf7e,1,0,0,0,0,PASS,reference payload encode/decode and digest match
len7_zeros_mask0x3,positive,7,zeros,0x3,0x3,0x2201,0x9d6cdf7e,"0,1",0,0,0,0,PASS,reference payload encode/decode and digest match
len7_ones_mask0x1,positive,7,ones,0x1,0x1,0x2201,0xff41d9ed,0,0,0,0,0,PASS,reference payload encode/decode and digest match
len7_ones_mask0x2,positive,7,ones,0x2,0x2,0x2201,0xff41d9ed,1,0,0,0,0,PASS,reference payload encode/decode and digest match
len7_ones_mask0x3,positive,7,ones,0x3,0x3,0x2201,0xff41d9ed,"0,1",0,0,0,0,PASS,reference payload encode/decode and digest match
len7_0xAA_mask0x1,positive,7,0xAA,0x1,0x1,0x2201,0x6875d9a3,0,0,0,0,0,PASS,reference payload encode/decode and digest match
len7_0xAA_mask0x2,positive,7,0xAA,0x2,0x2,0x2201,0x6875d9a3,1,0,0,0,0,PASS,reference payload encode/decode and digest match
len7_0xAA_mask0x3,positive,7,0xAA,0x3,0x3,0x2201,0x6875d9a3,"0,1",0,0,0,0,PASS,reference payload encode/decode and digest match
len7_0x55_mask0x1,positive,7,0x55,0x1,0x1,0x2201,0x0a58df30,0,0,0,0,0,PASS,reference payload encode/decode and digest match
len7_0x55_mask0x2,positive,7,0x55,0x2,0x2,0x2201,0x0a58df30,1,0,0,0,0,PASS,reference payload encode/decode and digest match
len7_0x55_mask0x3,positive,7,0x55,0x3,0x3,0x2201,0x0a58df30,"0,1",0,0,0,0,PASS,reference payload encode/decode and digest match
len7_counter_mask0x1,positive,7,counter,0x1,0x1,0x2201,0xad5809f9,0,0,0,0,0,PASS,reference payload encode/decode and digest match
len7_counter_mask0x2,positive,7,counter,0x2,0x2,0x2201,0xad5809f9,1,0,0,0,0,PASS,reference payload encode/decode and digest match
len7_counter_mask0x3,positive,7,counter,0x3,0x3,0x2201,0xad5809f9,"0,1",0,0,0,0,PASS,reference payload encode/decode and digest match
len7_walking_one_mask0x1,positive,7,walking_one,0x1,0x1,0x2201,0xb9993dac,0,0,0,0,0,PASS,reference payload encode/decode and digest match
len7_walking_one_mask0x2,positive,7,walking_one,0x2,0x2,0x2201,0xb9993dac,1,0,0,0,0,PASS,reference payload encode/decode and digest match
len7_walking_one_mask0x3,positive,7,walking_one,0x3,0x3,0x2201,0xb9993dac,"0,1",0,0,0,0,PASS,reference payload encode/decode and digest match
len7_walking_zero_mask0x1,positive,7,walking_zero,0x1,0x1,0x2201,0xdbb43b3f,0,0,0,0,0,PASS,reference payload encode/decode and digest match
len7_walking_zero_mask0x2,positive,7,walking_zero,0x2,0x2,0x2201,0xdbb43b3f,1,0,0,0,0,PASS,reference payload encode/decode and digest match
len7_walking_zero_mask0x3,positive,7,walking_zero,0x3,0x3,0x2201,0xdbb43b3f,"0,1",0,0,0,0,PASS,reference payload encode/decode and digest match
len7_prbs7_mask0x1,positive,7,prbs7,0x1,0x1,0x2201,0xb649d95d,0,0,0,0,0,PASS,reference payload encode/decode and digest match
len7_prbs7_mask0x2,positive,7,prbs7,0x2,0x2,0x2201,0xb649d95d,1,0,0,0,0,PASS,reference payload encode/decode and digest match
len7_prbs7_mask0x3,positive,7,prbs7,0x3,0x3,0x2201,0xb649d95d,"0,1",0,0,0,0,PASS,reference payload encode/decode and digest match
len7_prbs15_mask0x1,positive,7,prbs15,0x1,0x1,0x2201,0xfa67a320,0,0,0,0,0,PASS,reference payload encode/decode and digest match
len7_prbs15_mask0x2,positive,7,prbs15,0x2,0x2,0x2201,0xfa67a320,1,0,0,0,0,PASS,reference payload encode/decode and digest match
len7_prbs15_mask0x3,positive,7,prbs15,0x3,0x3,0x2201,0xfa67a320,"0,1",0,0,0,0,PASS,reference payload encode/decode and digest match
len7_deterministic_random_mask0x1,positive,7,deterministic_random,0x1,0x1,0x2201,0xa2422474,0,0,0,0,0,PASS,reference payload encode/decode and digest match
len7_deterministic_random_mask0x2,positive,7,deterministic_random,0x2,0x2,0x2201,0xa2422474,1,0,0,0,0,PASS,reference payload encode/decode and digest match
len7_deterministic_random_mask0x3,positive,7,deterministic_random,0x3,0x3,0x2201,0xa2422474,"0,1",0,0,0,0,PASS,reference payload encode/decode and digest match
len8_zeros_mask0x1,positive,8,zeros,0x1,0x1,0x2201,0x6522df69,0,0,0,0,0,PASS,reference payload encode/decode and digest match
len8_zeros_mask0x2,positive,8,zeros,0x2,0x2,0x2201,0x6522df69,1,0,0,0,0,PASS,reference payload encode/decode and digest match
len8_zeros_mask0x3,positive,8,zeros,0x3,0x3,0x2201,0x6522df69,"0,1",0,0,0,0,PASS,reference payload encode/decode and digest match
len8_ones_mask0x1,positive,8,ones,0x1,0x1,0x2201,0x2144df1c,0,0,0,0,0,PASS,reference payload encode/decode and digest match
len8_ones_mask0x2,positive,8,ones,0x2,0x2,0x2201,0x2144df1c,1,0,0,0,0,PASS,reference payload encode/decode and digest match
len8_ones_mask0x3,positive,8,ones,0x3,0x3,0x2201,0x2144df1c,"0,1",0,0,0,0,PASS,reference payload encode/decode and digest match
len8_0xAA_mask0x1,positive,8,0xAA,0x1,0x1,0x2201,0xabb622f0,0,0,0,0,0,PASS,reference payload encode/decode and digest match
len8_0xAA_mask0x2,positive,8,0xAA,0x2,0x2,0x2201,0xabb622f0,1,0,0,0,0,PASS,reference payload encode/decode and digest match
len8_0xAA_mask0x3,positive,8,0xAA,0x3,0x3,0x2201,0xabb622f0,"0,1",0,0,0,0,PASS,reference payload encode/decode and digest match
len8_0x55_mask0x1,positive,8,0x55,0x1,0x1,0x2201,0xefd02285,0,0,0,0,0,PASS,reference payload encode/decode and digest match
len8_0x55_mask0x2,positive,8,0x55,0x2,0x2,0x2201,0xefd02285,1,0,0,0,0,PASS,reference payload encode/decode and digest match
len8_0x55_mask0x3,positive,8,0x55,0x3,0x3,0x2201,0xefd02285,"0,1",0,0,0,0,PASS,reference payload encode/decode and digest match
len8_counter_mask0x1,positive,8,counter,0x1,0x1,0x2201,0x88aa689f,0,0,0,0,0,PASS,reference payload encode/decode and digest match
len8_counter_mask0x2,positive,8,counter,0x2,0x2,0x2201,0x88aa689f,1,0,0,0,0,PASS,reference payload encode/decode and digest match
len8_counter_mask0x3,positive,8,counter,0x3,0x3,0x2201,0x88aa689f,"0,1",0,0,0,0,PASS,reference payload encode/decode and digest match
len8_walking_one_mask0x1,positive,8,walking_one,0x1,0x1,0x2201,0xe0631a53,0,0,0,0,0,PASS,reference payload encode/decode and digest match
len8_walking_one_mask0x2,positive,8,walking_one,0x2,0x2,0x2201,0xe0631a53,1,0,0,0,0,PASS,reference payload encode/decode and digest match
len8_walking_one_mask0x3,positive,8,walking_one,0x3,0x3,0x2201,0xe0631a53,"0,1",0,0,0,0,PASS,reference payload encode/decode and digest match
len8_walking_zero_mask0x1,positive,8,walking_zero,0x1,0x1,0x2201,0xa4051a26,0,0,0,0,0,PASS,reference payload encode/decode and digest match
len8_walking_zero_mask0x2,positive,8,walking_zero,0x2,0x2,0x2201,0xa4051a26,1,0,0,0,0,PASS,reference payload encode/decode and digest match
len8_walking_zero_mask0x3,positive,8,walking_zero,0x3,0x3,0x2201,0xa4051a26,"0,1",0,0,0,0,PASS,reference payload encode/decode and digest match
len8_prbs7_mask0x1,positive,8,prbs7,0x1,0x1,0x2201,0xd402134b,0,0,0,0,0,PASS,reference payload encode/decode and digest match
len8_prbs7_mask0x2,positive,8,prbs7,0x2,0x2,0x2201,0xd402134b,1,0,0,0,0,PASS,reference payload encode/decode and digest match
len8_prbs7_mask0x3,positive,8,prbs7,0x3,0x3,0x2201,0xd402134b,"0,1",0,0,0,0,PASS,reference payload encode/decode and digest match
len8_prbs15_mask0x1,positive,8,prbs15,0x1,0x1,0x2201,0xaaff418c,0,0,0,0,0,PASS,reference payload encode/decode and digest match
len8_prbs15_mask0x2,positive,8,prbs15,0x2,0x2,0x2201,0xaaff418c,1,0,0,0,0,PASS,reference payload encode/decode and digest match
len8_prbs15_mask0x3,positive,8,prbs15,0x3,0x3,0x2201,0xaaff418c,"0,1",0,0,0,0,PASS,reference payload encode/decode and digest match
len8_deterministic_random_mask0x1,positive,8,deterministic_random,0x1,0x1,0x2201,0x1eacda3c,0,0,0,0,0,PASS,reference payload encode/decode and digest match
len8_deterministic_random_mask0x2,positive,8,deterministic_random,0x2,0x2,0x2201,0x1eacda3c,1,0,0,0,0,PASS,reference payload encode/decode and digest match
len8_deterministic_random_mask0x3,positive,8,deterministic_random,0x3,0x3,0x2201,0x1eacda3c,"0,1",0,0,0,0,PASS,reference payload encode/decode and digest match
len15_zeros_mask0x1,positive,15,zeros,0x1,0x1,0x2201,0xd7d303e7,0,0,0,0,0,PASS,reference payload encode/decode and digest match
len15_zeros_mask0x2,positive,15,zeros,0x2,0x2,0x2201,0xd7d303e7,1,0,0,0,0,PASS,reference payload encode/decode and digest match
len15_zeros_mask0x3,positive,15,zeros,0x3,0x3,0x2201,0xd7d303e7,"0,1",0,0,0,0,PASS,reference payload encode/decode and digest match
len15_ones_mask0x1,positive,15,ones,0x1,0x1,0x2201,0x09aab77f,0,0,0,0,0,PASS,reference payload encode/decode and digest match
len15_ones_mask0x2,positive,15,ones,0x2,0x2,0x2201,0x09aab77f,1,0,0,0,0,PASS,reference payload encode/decode and digest match
len15_ones_mask0x3,positive,15,ones,0x3,0x3,0x2201,0x09aab77f,"0,1",0,0,0,0,PASS,reference payload encode/decode and digest match
len15_0xAA_mask0x1,positive,15,0xAA,0x1,0x1,0x2201,0x438224f7,0,0,0,0,0,PASS,reference payload encode/decode and digest match
len15_0xAA_mask0x2,positive,15,0xAA,0x2,0x2,0x2201,0x438224f7,1,0,0,0,0,PASS,reference payload encode/decode and digest match
len15_0xAA_mask0x3,positive,15,0xAA,0x3,0x3,0x2201,0x438224f7,"0,1",0,0,0,0,PASS,reference payload encode/decode and digest match
len15_0x55_mask0x1,positive,15,0x55,0x1,0x1,0x2201,0x9dfb906f,0,0,0,0,0,PASS,reference payload encode/decode and digest match
len15_0x55_mask0x2,positive,15,0x55,0x2,0x2,0x2201,0x9dfb906f,1,0,0,0,0,PASS,reference payload encode/decode and digest match
len15_0x55_mask0x3,positive,15,0x55,0x3,0x3,0x2201,0x9dfb906f,"0,1",0,0,0,0,PASS,reference payload encode/decode and digest match
len15_counter_mask0x1,positive,15,counter,0x1,0x1,0x2201,0xa06c675e,0,0,0,0,0,PASS,reference payload encode/decode and digest match
len15_counter_mask0x2,positive,15,counter,0x2,0x2,0x2201,0xa06c675e,1,0,0,0,0,PASS,reference payload encode/decode and digest match
len15_counter_mask0x3,positive,15,counter,0x3,0x3,0x2201,0xa06c675e,"0,1",0,0,0,0,PASS,reference payload encode/decode and digest match
len15_walking_one_mask0x1,positive,15,walking_one,0x1,0x1,0x2201,0x0104a3de,0,0,0,0,0,PASS,reference payload encode/decode and digest match
len15_walking_one_mask0x2,positive,15,walking_one,0x2,0x2,0x2201,0x0104a3de,1,0,0,0,0,PASS,reference payload encode/decode and digest match
len15_walking_one_mask0x3,positive,15,walking_one,0x3,0x3,0x2201,0x0104a3de,"0,1",0,0,0,0,PASS,reference payload encode/decode and digest match
len15_walking_zero_mask0x1,positive,15,walking_zero,0x1,0x1,0x2201,0xdf7d1746,0,0,0,0,0,PASS,reference payload encode/decode and digest match
len15_walking_zero_mask0x2,positive,15,walking_zero,0x2,0x2,0x2201,0xdf7d1746,1,0,0,0,0,PASS,reference payload encode/decode and digest match
len15_walking_zero_mask0x3,positive,15,walking_zero,0x3,0x3,0x2201,0xdf7d1746,"0,1",0,0,0,0,PASS,reference payload encode/decode and digest match
len15_prbs7_mask0x1,positive,15,prbs7,0x1,0x1,0x2201,0x39e043c4,0,0,0,0,0,PASS,reference payload encode/decode and digest match
len15_prbs7_mask0x2,positive,15,prbs7,0x2,0x2,0x2201,0x39e043c4,1,0,0,0,0,PASS,reference payload encode/decode and digest match
len15_prbs7_mask0x3,positive,15,prbs7,0x3,0x3,0x2201,0x39e043c4,"0,1",0,0,0,0,PASS,reference payload encode/decode and digest match
len15_prbs15_mask0x1,positive,15,prbs15,0x1,0x1,0x2201,0x319d45ce,0,0,0,0,0,PASS,reference payload encode/decode and digest match
len15_prbs15_mask0x2,positive,15,prbs15,0x2,0x2,0x2201,0x319d45ce,1,0,0,0,0,PASS,reference payload encode/decode and digest match
len15_prbs15_mask0x3,positive,15,prbs15,0x3,0x3,0x2201,0x319d45ce,"0,1",0,0,0,0,PASS,reference payload encode/decode and digest match
len15_deterministic_random_mask0x1,positive,15,deterministic_random,0x1,0x1,0x2201,0x5cb641b8,0,0,0,0,0,PASS,reference payload encode/decode and digest match
len15_deterministic_random_mask0x2,positive,15,deterministic_random,0x2,0x2,0x2201,0x5cb641b8,1,0,0,0,0,PASS,reference payload encode/decode and digest match
len15_deterministic_random_mask0x3,positive,15,deterministic_random,0x3,0x3,0x2201,0x5cb641b8,"0,1",0,0,0,0,PASS,reference payload encode/decode and digest match
len16_zeros_mask0x1,positive,16,zeros,0x1,0x1,0x2201,0xecbb4b55,0,0,0,0,0,PASS,reference payload encode/decode and digest match
len16_zeros_mask0x2,positive,16,zeros,0x2,0x2,0x2201,0xecbb4b55,1,0,0,0,0,PASS,reference payload encode/decode and digest match
len16_zeros_mask0x3,positive,16,zeros,0x3,0x3,0x2201,0xecbb4b55,"0,1",0,0,0,0,PASS,reference payload encode/decode and digest match
len16_ones_mask0x1,positive,16,ones,0x1,0x1,0x2201,0x3fb3c61a,0,0,0,0,0,PASS,reference payload encode/decode and digest match
len16_ones_mask0x2,positive,16,ones,0x2,0x2,0x2201,0x3fb3c61a,1,0,0,0,0,PASS,reference payload encode/decode and digest match
len16_ones_mask0x3,positive,16,ones,0x3,0x3,0x2201,0x3fb3c61a,"0,1",0,0,0,0,PASS,reference payload encode/decode and digest match
len16_0xAA_mask0x1,positive,16,0xAA,0x1,0x1,0x2201,0xc79b40e0,0,0,0,0,0,PASS,reference payload encode/decode and digest match
len16_0xAA_mask0x2,positive,16,0xAA,0x2,0x2,0x2201,0xc79b40e0,1,0,0,0,0,PASS,reference payload encode/decode and digest match
len16_0xAA_mask0x3,positive,16,0xAA,0x3,0x3,0x2201,0xc79b40e0,"0,1",0,0,0,0,PASS,reference payload encode/decode and digest match
len16_0x55_mask0x1,positive,16,0x55,0x1,0x1,0x2201,0x1493cdaf,0,0,0,0,0,PASS,reference payload encode/decode and digest match
len16_0x55_mask0x2,positive,16,0x55,0x2,0x2,0x2201,0x1493cdaf,1,0,0,0,0,PASS,reference payload encode/decode and digest match
len16_0x55_mask0x3,positive,16,0x55,0x3,0x3,0x2201,0x1493cdaf,"0,1",0,0,0,0,PASS,reference payload encode/decode and digest match
len16_counter_mask0x1,positive,16,counter,0x1,0x1,0x2201,0xcecee288,0,0,0,0,0,PASS,reference payload encode/decode and digest match
len16_counter_mask0x2,positive,16,counter,0x2,0x2,0x2201,0xcecee288,1,0,0,0,0,PASS,reference payload encode/decode and digest match
len16_counter_mask0x3,positive,16,counter,0x3,0x3,0x2201,0xcecee288,"0,1",0,0,0,0,PASS,reference payload encode/decode and digest match
len16_walking_one_mask0x1,positive,16,walking_one,0x1,0x1,0x2201,0x5ed097dd,0,0,0,0,0,PASS,reference payload encode/decode and digest match
len16_walking_one_mask0x2,positive,16,walking_one,0x2,0x2,0x2201,0x5ed097dd,1,0,0,0,0,PASS,reference payload encode/decode and digest match
len16_walking_one_mask0x3,positive,16,walking_one,0x3,0x3,0x2201,0x5ed097dd,"0,1",0,0,0,0,PASS,reference payload encode/decode and digest match
len16_walking_zero_mask0x1,positive,16,walking_zero,0x1,0x1,0x2201,0x8dd81a92,0,0,0,0,0,PASS,reference payload encode/decode and digest match
len16_walking_zero_mask0x2,positive,16,walking_zero,0x2,0x2,0x2201,0x8dd81a92,1,0,0,0,0,PASS,reference payload encode/decode and digest match
len16_walking_zero_mask0x3,positive,16,walking_zero,0x3,0x3,0x2201,0x8dd81a92,"0,1",0,0,0,0,PASS,reference payload encode/decode and digest match
len16_prbs7_mask0x1,positive,16,prbs7,0x1,0x1,0x2201,0xe655d632,0,0,0,0,0,PASS,reference payload encode/decode and digest match
len16_prbs7_mask0x2,positive,16,prbs7,0x2,0x2,0x2201,0xe655d632,1,0,0,0,0,PASS,reference payload encode/decode and digest match
len16_prbs7_mask0x3,positive,16,prbs7,0x3,0x3,0x2201,0xe655d632,"0,1",0,0,0,0,PASS,reference payload encode/decode and digest match
len16_prbs15_mask0x1,positive,16,prbs15,0x1,0x1,0x2201,0x315079da,0,0,0,0,0,PASS,reference payload encode/decode and digest match
len16_prbs15_mask0x2,positive,16,prbs15,0x2,0x2,0x2201,0x315079da,1,0,0,0,0,PASS,reference payload encode/decode and digest match
len16_prbs15_mask0x3,positive,16,prbs15,0x3,0x3,0x2201,0x315079da,"0,1",0,0,0,0,PASS,reference payload encode/decode and digest match
len16_deterministic_random_mask0x1,positive,16,deterministic_random,0x1,0x1,0x2201,0x0188ad37,0,0,0,0,0,PASS,reference payload encode/decode and digest match
len16_deterministic_random_mask0x2,positive,16,deterministic_random,0x2,0x2,0x2201,0x0188ad37,1,0,0,0,0,PASS,reference payload encode/decode and digest match
len16_deterministic_random_mask0x3,positive,16,deterministic_random,0x3,0x3,0x2201,0x0188ad37,"0,1",0,0,0,0,PASS,reference payload encode/decode and digest match
len31_zeros_mask0x1,positive,31,zeros,0x1,0x1,0x2201,0x6909acb0,0,0,0,0,0,PASS,reference payload encode/decode and digest match
len31_zeros_mask0x2,positive,31,zeros,0x2,0x2,0x2201,0x6909acb0,1,0,0,0,0,PASS,reference payload encode/decode and digest match
len31_zeros_mask0x3,positive,31,zeros,0x3,0x3,0x2201,0x6909acb0,"0,1",0,0,0,0,PASS,reference payload encode/decode and digest match
len31_ones_mask0x1,positive,31,ones,0x1,0x1,0x2201,0x6cab0b00,0,0,0,0,0,PASS,reference payload encode/decode and digest match
len31_ones_mask0x2,positive,31,ones,0x2,0x2,0x2201,0x6cab0b00,1,0,0,0,0,PASS,reference payload encode/decode and digest match
len31_ones_mask0x3,positive,31,ones,0x3,0x3,0x2201,0x6cab0b00,"0,1",0,0,0,0,PASS,reference payload encode/decode and digest match
len31_0xAA_mask0x1,positive,31,0xAA,0x1,0x1,0x2201,0xd91a6baf,0,0,0,0,0,PASS,reference payload encode/decode and digest match
len31_0xAA_mask0x2,positive,31,0xAA,0x2,0x2,0x2201,0xd91a6baf,1,0,0,0,0,PASS,reference payload encode/decode and digest match
len31_0xAA_mask0x3,positive,31,0xAA,0x3,0x3,0x2201,0xd91a6baf,"0,1",0,0,0,0,PASS,reference payload encode/decode and digest match
len31_0x55_mask0x1,positive,31,0x55,0x1,0x1,0x2201,0xdcb8cc1f,0,0,0,0,0,PASS,reference payload encode/decode and digest match
len31_0x55_mask0x2,positive,31,0x55,0x2,0x2,0x2201,0xdcb8cc1f,1,0,0,0,0,PASS,reference payload encode/decode and digest match
len31_0x55_mask0x3,positive,31,0x55,0x3,0x3,0x2201,0xdcb8cc1f,"0,1",0,0,0,0,PASS,reference payload encode/decode and digest match
len31_counter_mask0x1,positive,31,counter,0x1,0x1,0x2201,0x4d786d77,0,0,0,0,0,PASS,reference payload encode/decode and digest match
len31_counter_mask0x2,positive,31,counter,0x2,0x2,0x2201,0x4d786d77,1,0,0,0,0,PASS,reference payload encode/decode and digest match
len31_counter_mask0x3,positive,31,counter,0x3,0x3,0x2201,0x4d786d77,"0,1",0,0,0,0,PASS,reference payload encode/decode and digest match
len31_walking_one_mask0x1,positive,31,walking_one,0x1,0x1,0x2201,0xc1b22761,0,0,0,0,0,PASS,reference payload encode/decode and digest match
len31_walking_one_mask0x2,positive,31,walking_one,0x2,0x2,0x2201,0xc1b22761,1,0,0,0,0,PASS,reference payload encode/decode and digest match
len31_walking_one_mask0x3,positive,31,walking_one,0x3,0x3,0x2201,0xc1b22761,"0,1",0,0,0,0,PASS,reference payload encode/decode and digest match
len31_walking_zero_mask0x1,positive,31,walking_zero,0x1,0x1,0x2201,0xc41080d1,0,0,0,0,0,PASS,reference payload encode/decode and digest match
len31_walking_zero_mask0x2,positive,31,walking_zero,0x2,0x2,0x2201,0xc41080d1,1,0,0,0,0,PASS,reference payload encode/decode and digest match
len31_walking_zero_mask0x3,positive,31,walking_zero,0x3,0x3,0x2201,0xc41080d1,"0,1",0,0,0,0,PASS,reference payload encode/decode and digest match
len31_prbs7_mask0x1,positive,31,prbs7,0x1,0x1,0x2201,0x77a113e1,0,0,0,0,0,PASS,reference payload encode/decode and digest match
len31_prbs7_mask0x2,positive,31,prbs7,0x2,0x2,0x2201,0x77a113e1,1,0,0,0,0,PASS,reference payload encode/decode and digest match
len31_prbs7_mask0x3,positive,31,prbs7,0x3,0x3,0x2201,0x77a113e1,"0,1",0,0,0,0,PASS,reference payload encode/decode and digest match
len31_prbs15_mask0x1,positive,31,prbs15,0x1,0x1,0x2201,0x85525ba6,0,0,0,0,0,PASS,reference payload encode/decode and digest match
len31_prbs15_mask0x2,positive,31,prbs15,0x2,0x2,0x2201,0x85525ba6,1,0,0,0,0,PASS,reference payload encode/decode and digest match
len31_prbs15_mask0x3,positive,31,prbs15,0x3,0x3,0x2201,0x85525ba6,"0,1",0,0,0,0,PASS,reference payload encode/decode and digest match
len31_deterministic_random_mask0x1,positive,31,deterministic_random,0x1,0x1,0x2201,0xb8ddc2c4,0,0,0,0,0,PASS,reference payload encode/decode and digest match
len31_deterministic_random_mask0x2,positive,31,deterministic_random,0x2,0x2,0x2201,0xb8ddc2c4,1,0,0,0,0,PASS,reference payload encode/decode and digest match
len31_deterministic_random_mask0x3,positive,31,deterministic_random,0x3,0x3,0x2201,0xb8ddc2c4,"0,1",0,0,0,0,PASS,reference payload encode/decode and digest match
len32_zeros_mask0x1,positive,32,zeros,0x1,0x1,0x2201,0x190a55ad,0,0,0,0,0,PASS,reference payload encode/decode and digest match
len32_zeros_mask0x2,positive,32,zeros,0x2,0x2,0x2201,0x190a55ad,1,0,0,0,0,PASS,reference payload encode/decode and digest match
len32_zeros_mask0x3,positive,32,zeros,0x3,0x3,0x2201,0x190a55ad,"0,1",0,0,0,0,PASS,reference payload encode/decode and digest match
len32_ones_mask0x1,positive,32,ones,0x1,0x1,0x2201,0xff6cab0b,0,0,0,0,0,PASS,reference payload encode/decode and digest match
len32_ones_mask0x2,positive,32,ones,0x2,0x2,0x2201,0xff6cab0b,1,0,0,0,0,PASS,reference payload encode/decode and digest match
len32_ones_mask0x3,positive,32,ones,0x3,0x3,0x2201,0xff6cab0b,"0,1",0,0,0,0,PASS,reference payload encode/decode and digest match
len32_0xAA_mask0x1,positive,32,0xAA,0x1,0x1,0x2201,0xa2b10169,0,0,0,0,0,PASS,reference payload encode/decode and digest match
len32_0xAA_mask0x2,positive,32,0xAA,0x2,0x2,0x2201,0xa2b10169,1,0,0,0,0,PASS,reference payload encode/decode and digest match
len32_0xAA_mask0x3,positive,32,0xAA,0x3,0x3,0x2201,0xa2b10169,"0,1",0,0,0,0,PASS,reference payload encode/decode and digest match
len32_0x55_mask0x1,positive,32,0x55,0x1,0x1,0x2201,0x44d7ffcf,0,0,0,0,0,PASS,reference payload encode/decode and digest match
len32_0x55_mask0x2,positive,32,0x55,0x2,0x2,0x2201,0x44d7ffcf,1,0,0,0,0,PASS,reference payload encode/decode and digest match
len32_0x55_mask0x3,positive,32,0x55,0x3,0x3,0x2201,0x44d7ffcf,"0,1",0,0,0,0,PASS,reference payload encode/decode and digest match
len32_counter_mask0x1,positive,32,counter,0x1,0x1,0x2201,0x91267e8a,0,0,0,0,0,PASS,reference payload encode/decode and digest match
len32_counter_mask0x2,positive,32,counter,0x2,0x2,0x2201,0x91267e8a,1,0,0,0,0,PASS,reference payload encode/decode and digest match
len32_counter_mask0x3,positive,32,counter,0x3,0x3,0x2201,0x91267e8a,"0,1",0,0,0,0,PASS,reference payload encode/decode and digest match
len32_walking_one_mask0x1,positive,32,walking_one,0x1,0x1,0x2201,0x05ce8f44,0,0,0,0,0,PASS,reference payload encode/decode and digest match
len32_walking_one_mask0x2,positive,32,walking_one,0x2,0x2,0x2201,0x05ce8f44,1,0,0,0,0,PASS,reference payload encode/decode and digest match
len32_walking_one_mask0x3,positive,32,walking_one,0x3,0x3,0x2201,0x05ce8f44,"0,1",0,0,0,0,PASS,reference payload encode/decode and digest match
len32_walking_zero_mask0x1,positive,32,walking_zero,0x1,0x1,0x2201,0xe3a871e2,0,0,0,0,0,PASS,reference payload encode/decode and digest match
len32_walking_zero_mask0x2,positive,32,walking_zero,0x2,0x2,0x2201,0xe3a871e2,1,0,0,0,0,PASS,reference payload encode/decode and digest match
len32_walking_zero_mask0x3,positive,32,walking_zero,0x3,0x3,0x2201,0xe3a871e2,"0,1",0,0,0,0,PASS,reference payload encode/decode and digest match
len32_prbs7_mask0x1,positive,32,prbs7,0x1,0x1,0x2201,0x6ac8eb91,0,0,0,0,0,PASS,reference payload encode/decode and digest match
len32_prbs7_mask0x2,positive,32,prbs7,0x2,0x2,0x2201,0x6ac8eb91,1,0,0,0,0,PASS,reference payload encode/decode and digest match
len32_prbs7_mask0x3,positive,32,prbs7,0x3,0x3,0x2201,0x6ac8eb91,"0,1",0,0,0,0,PASS,reference payload encode/decode and digest match
len32_prbs15_mask0x1,positive,32,prbs15,0x1,0x1,0x2201,0xb3ec4205,0,0,0,0,0,PASS,reference payload encode/decode and digest match
len32_prbs15_mask0x2,positive,32,prbs15,0x2,0x2,0x2201,0xb3ec4205,1,0,0,0,0,PASS,reference payload encode/decode and digest match
len32_prbs15_mask0x3,positive,32,prbs15,0x3,0x3,0x2201,0xb3ec4205,"0,1",0,0,0,0,PASS,reference payload encode/decode and digest match
len32_deterministic_random_mask0x1,positive,32,deterministic_random,0x1,0x1,0x2201,0x2c6e2939,0,0,0,0,0,PASS,reference payload encode/decode and digest match
len32_deterministic_random_mask0x2,positive,32,deterministic_random,0x2,0x2,0x2201,0x2c6e2939,1,0,0,0,0,PASS,reference payload encode/decode and digest match
len32_deterministic_random_mask0x3,positive,32,deterministic_random,0x3,0x3,0x2201,0x2c6e2939,"0,1",0,0,0,0,PASS,reference payload encode/decode and digest match
len63_zeros_mask0x1,positive,63,zeros,0x1,0x1,0x2201,0xe8aadae4,0,0,0,0,0,PASS,reference payload encode/decode and digest match
len63_zeros_mask0x2,positive,63,zeros,0x2,0x2,0x2201,0xe8aadae4,1,0,0,0,0,PASS,reference payload encode/decode and digest match
len63_zeros_mask0x3,positive,63,zeros,0x3,0x3,0x2201,0xe8aadae4,"0,1",0,0,0,0,PASS,reference payload encode/decode and digest match
len63_ones_mask0x1,positive,63,ones,0x1,0x1,0x2201,0x6e14fe90,0,0,0,0,0,PASS,reference payload encode/decode and digest match
len63_ones_mask0x2,positive,63,ones,0x2,0x2,0x2201,0x6e14fe90,1,0,0,0,0,PASS,reference payload encode/decode and digest match
len63_ones_mask0x3,positive,63,ones,0x3,0x3,0x2201,0x6e14fe90,"0,1",0,0,0,0,PASS,reference payload encode/decode and digest match
len63_0xAA_mask0x1,positive,63,0xAA,0x1,0x1,0x2201,0xa551e083,0,0,0,0,0,PASS,reference payload encode/decode and digest match
len63_0xAA_mask0x2,positive,63,0xAA,0x2,0x2,0x2201,0xa551e083,1,0,0,0,0,PASS,reference payload encode/decode and digest match
len63_0xAA_mask0x3,positive,63,0xAA,0x3,0x3,0x2201,0xa551e083,"0,1",0,0,0,0,PASS,reference payload encode/decode and digest match
len63_0x55_mask0x1,positive,63,0x55,0x1,0x1,0x2201,0x23efc4f7,0,0,0,0,0,PASS,reference payload encode/decode and digest match
len63_0x55_mask0x2,positive,63,0x55,0x2,0x2,0x2201,0x23efc4f7,1,0,0,0,0,PASS,reference payload encode/decode and digest match
len63_0x55_mask0x3,positive,63,0x55,0x3,0x3,0x2201,0x23efc4f7,"0,1",0,0,0,0,PASS,reference payload encode/decode and digest match
len63_counter_mask0x1,positive,63,counter,0x1,0x1,0x2201,0xdbdea683,0,0,0,0,0,PASS,reference payload encode/decode and digest match
len63_counter_mask0x2,positive,63,counter,0x2,0x2,0x2201,0xdbdea683,1,0,0,0,0,PASS,reference payload encode/decode and digest match
len63_counter_mask0x3,positive,63,counter,0x3,0x3,0x2201,0xdbdea683,"0,1",0,0,0,0,PASS,reference payload encode/decode and digest match
len63_walking_one_mask0x1,positive,63,walking_one,0x1,0x1,0x2201,0xeaeeb867,0,0,0,0,0,PASS,reference payload encode/decode and digest match
len63_walking_one_mask0x2,positive,63,walking_one,0x2,0x2,0x2201,0xeaeeb867,1,0,0,0,0,PASS,reference payload encode/decode and digest match
len63_walking_one_mask0x3,positive,63,walking_one,0x3,0x3,0x2201,0xeaeeb867,"0,1",0,0,0,0,PASS,reference payload encode/decode and digest match
len63_walking_zero_mask0x1,positive,63,walking_zero,0x1,0x1,0x2201,0x6c509c13,0,0,0,0,0,PASS,reference payload encode/decode and digest match
len63_walking_zero_mask0x2,positive,63,walking_zero,0x2,0x2,0x2201,0x6c509c13,1,0,0,0,0,PASS,reference payload encode/decode and digest match
len63_walking_zero_mask0x3,positive,63,walking_zero,0x3,0x3,0x2201,0x6c509c13,"0,1",0,0,0,0,PASS,reference payload encode/decode and digest match
len63_prbs7_mask0x1,positive,63,prbs7,0x1,0x1,0x2201,0x4086b052,0,0,0,0,0,PASS,reference payload encode/decode and digest match
len63_prbs7_mask0x2,positive,63,prbs7,0x2,0x2,0x2201,0x4086b052,1,0,0,0,0,PASS,reference payload encode/decode and digest match
len63_prbs7_mask0x3,positive,63,prbs7,0x3,0x3,0x2201,0x4086b052,"0,1",0,0,0,0,PASS,reference payload encode/decode and digest match
len63_prbs15_mask0x1,positive,63,prbs15,0x1,0x1,0x2201,0xcdeea725,0,0,0,0,0,PASS,reference payload encode/decode and digest match
len63_prbs15_mask0x2,positive,63,prbs15,0x2,0x2,0x2201,0xcdeea725,1,0,0,0,0,PASS,reference payload encode/decode and digest match
len63_prbs15_mask0x3,positive,63,prbs15,0x3,0x3,0x2201,0xcdeea725,"0,1",0,0,0,0,PASS,reference payload encode/decode and digest match
len63_deterministic_random_mask0x1,positive,63,deterministic_random,0x1,0x1,0x2201,0xf71b5749,0,0,0,0,0,PASS,reference payload encode/decode and digest match
len63_deterministic_random_mask0x2,positive,63,deterministic_random,0x2,0x2,0x2201,0xf71b5749,1,0,0,0,0,PASS,reference payload encode/decode and digest match
len63_deterministic_random_mask0x3,positive,63,deterministic_random,0x3,0x3,0x2201,0xf71b5749,"0,1",0,0,0,0,PASS,reference payload encode/decode and digest match
len64_zeros_mask0x1,positive,64,zeros,0x1,0x1,0x2201,0x758d6336,0,0,0,0,0,PASS,reference payload encode/decode and digest match
len64_zeros_mask0x2,positive,64,zeros,0x2,0x2,0x2201,0x758d6336,1,0,0,0,0,PASS,reference payload encode/decode and digest match
len64_zeros_mask0x3,positive,64,zeros,0x3,0x3,0x2201,0x758d6336,"0,1",0,0,0,0,PASS,reference payload encode/decode and digest match
len64_ones_mask0x1,positive,64,ones,0x1,0x1,0x2201,0x0f6187ba,0,0,0,0,0,PASS,reference payload encode/decode and digest match
len64_ones_mask0x2,positive,64,ones,0x2,0x2,0x2201,0x0f6187ba,1,0,0,0,0,PASS,reference payload encode/decode and digest match
len64_ones_mask0x3,positive,64,ones,0x3,0x3,0x2201,0x0f6187ba,"0,1",0,0,0,0,PASS,reference payload encode/decode and digest match
len64_0xAA_mask0x1,positive,64,0xAA,0x1,0x1,0x2201,0x90152601,0,0,0,0,0,PASS,reference payload encode/decode and digest match
len64_0xAA_mask0x2,positive,64,0xAA,0x2,0x2,0x2201,0x90152601,1,0,0,0,0,PASS,reference payload encode/decode and digest match
len64_0xAA_mask0x3,positive,64,0xAA,0x3,0x3,0x2201,0x90152601,"0,1",0,0,0,0,PASS,reference payload encode/decode and digest match
len64_0x55_mask0x1,positive,64,0x55,0x1,0x1,0x2201,0xeaf9c28d,0,0,0,0,0,PASS,reference payload encode/decode and digest match
len64_0x55_mask0x2,positive,64,0x55,0x2,0x2,0x2201,0xeaf9c28d,1,0,0,0,0,PASS,reference payload encode/decode and digest match
len64_0x55_mask0x3,positive,64,0x55,0x3,0x3,0x2201,0xeaf9c28d,"0,1",0,0,0,0,PASS,reference payload encode/decode and digest match
len64_counter_mask0x1,positive,64,counter,0x1,0x1,0x2201,0x100ece8c,0,0,0,0,0,PASS,reference payload encode/decode and digest match
len64_counter_mask0x2,positive,64,counter,0x2,0x2,0x2201,0x100ece8c,1,0,0,0,0,PASS,reference payload encode/decode and digest match
len64_counter_mask0x3,positive,64,counter,0x3,0x3,0x2201,0x100ece8c,"0,1",0,0,0,0,PASS,reference payload encode/decode and digest match
len64_walking_one_mask0x1,positive,64,walking_one,0x1,0x1,0x2201,0xec8676ee,0,0,0,0,0,PASS,reference payload encode/decode and digest match
len64_walking_one_mask0x2,positive,64,walking_one,0x2,0x2,0x2201,0xec8676ee,1,0,0,0,0,PASS,reference payload encode/decode and digest match
len64_walking_one_mask0x3,positive,64,walking_one,0x3,0x3,0x2201,0xec8676ee,"0,1",0,0,0,0,PASS,reference payload encode/decode and digest match
len64_walking_zero_mask0x1,positive,64,walking_zero,0x1,0x1,0x2201,0x966a9262,0,0,0,0,0,PASS,reference payload encode/decode and digest match
len64_walking_zero_mask0x2,positive,64,walking_zero,0x2,0x2,0x2201,0x966a9262,1,0,0,0,0,PASS,reference payload encode/decode and digest match
len64_walking_zero_mask0x3,positive,64,walking_zero,0x3,0x3,0x2201,0x966a9262,"0,1",0,0,0,0,PASS,reference payload encode/decode and digest match
len64_prbs7_mask0x1,positive,64,prbs7,0x1,0x1,0x2201,0xec2c1ee6,0,0,0,0,0,PASS,reference payload encode/decode and digest match
len64_prbs7_mask0x2,positive,64,prbs7,0x2,0x2,0x2201,0xec2c1ee6,1,0,0,0,0,PASS,reference payload encode/decode and digest match
len64_prbs7_mask0x3,positive,64,prbs7,0x3,0x3,0x2201,0xec2c1ee6,"0,1",0,0,0,0,PASS,reference payload encode/decode and digest match
len64_prbs15_mask0x1,positive,64,prbs15,0x1,0x1,0x2201,0xae13ee9d,0,0,0,0,0,PASS,reference payload encode/decode and digest match
len64_prbs15_mask0x2,positive,64,prbs15,0x2,0x2,0x2201,0xae13ee9d,1,0,0,0,0,PASS,reference payload encode/decode and digest match
len64_prbs15_mask0x3,positive,64,prbs15,0x3,0x3,0x2201,0xae13ee9d,"0,1",0,0,0,0,PASS,reference payload encode/decode and digest match
len64_deterministic_random_mask0x1,positive,64,deterministic_random,0x1,0x1,0x2201,0x8f9defd8,0,0,0,0,0,PASS,reference payload encode/decode and digest match
len64_deterministic_random_mask0x2,positive,64,deterministic_random,0x2,0x2,0x2201,0x8f9defd8,1,0,0,0,0,PASS,reference payload encode/decode and digest match
len64_deterministic_random_mask0x3,positive,64,deterministic_random,0x3,0x3,0x2201,0x8f9defd8,"0,1",0,0,0,0,PASS,reference payload encode/decode and digest match
len127_zeros_mask0x1,positive,127,zeros,0x1,0x1,0x2201,0x706f4a9a,0,0,0,0,0,PASS,reference payload encode/decode and digest match
len127_zeros_mask0x2,positive,127,zeros,0x2,0x2,0x2201,0x706f4a9a,1,0,0,0,0,PASS,reference payload encode/decode and digest match
len127_zeros_mask0x3,positive,127,zeros,0x3,0x3,0x2201,0x706f4a9a,"0,1",0,0,0,0,PASS,reference payload encode/decode and digest match
len127_ones_mask0x1,positive,127,ones,0x1,0x1,0x2201,0x92e7fa81,0,0,0,0,0,PASS,reference payload encode/decode and digest match
len127_ones_mask0x2,positive,127,ones,0x2,0x2,0x2201,0x92e7fa81,1,0,0,0,0,PASS,reference payload encode/decode and digest match
len127_ones_mask0x3,positive,127,ones,0x3,0x3,0x2201,0x92e7fa81,"0,1",0,0,0,0,PASS,reference payload encode/decode and digest match
len127_0xAA_mask0x1,positive,127,0xAA,0x1,0x1,0x2201,0x7a4f68b7,0,0,0,0,0,PASS,reference payload encode/decode and digest match
len127_0xAA_mask0x2,positive,127,0xAA,0x2,0x2,0x2201,0x7a4f68b7,1,0,0,0,0,PASS,reference payload encode/decode and digest match
len127_0xAA_mask0x3,positive,127,0xAA,0x3,0x3,0x2201,0x7a4f68b7,"0,1",0,0,0,0,PASS,reference payload encode/decode and digest match
len127_0x55_mask0x1,positive,127,0x55,0x1,0x1,0x2201,0x98c7d8ac,0,0,0,0,0,PASS,reference payload encode/decode and digest match
len127_0x55_mask0x2,positive,127,0x55,0x2,0x2,0x2201,0x98c7d8ac,1,0,0,0,0,PASS,reference payload encode/decode and digest match
len127_0x55_mask0x3,positive,127,0x55,0x3,0x3,0x2201,0x98c7d8ac,"0,1",0,0,0,0,PASS,reference payload encode/decode and digest match
len127_counter_mask0x1,positive,127,counter,0x1,0x1,0x2201,0xdec481aa,0,0,0,0,0,PASS,reference payload encode/decode and digest match
len127_counter_mask0x2,positive,127,counter,0x2,0x2,0x2201,0xdec481aa,1,0,0,0,0,PASS,reference payload encode/decode and digest match
len127_counter_mask0x3,positive,127,counter,0x3,0x3,0x2201,0xdec481aa,"0,1",0,0,0,0,PASS,reference payload encode/decode and digest match
len127_walking_one_mask0x1,positive,127,walking_one,0x1,0x1,0x2201,0x685789cf,0,0,0,0,0,PASS,reference payload encode/decode and digest match
len127_walking_one_mask0x2,positive,127,walking_one,0x2,0x2,0x2201,0x685789cf,1,0,0,0,0,PASS,reference payload encode/decode and digest match
len127_walking_one_mask0x3,positive,127,walking_one,0x3,0x3,0x2201,0x685789cf,"0,1",0,0,0,0,PASS,reference payload encode/decode and digest match
len127_walking_zero_mask0x1,positive,127,walking_zero,0x1,0x1,0x2201,0x8adf39d4,0,0,0,0,0,PASS,reference payload encode/decode and digest match
len127_walking_zero_mask0x2,positive,127,walking_zero,0x2,0x2,0x2201,0x8adf39d4,1,0,0,0,0,PASS,reference payload encode/decode and digest match
len127_walking_zero_mask0x3,positive,127,walking_zero,0x3,0x3,0x2201,0x8adf39d4,"0,1",0,0,0,0,PASS,reference payload encode/decode and digest match
len127_prbs7_mask0x1,positive,127,prbs7,0x1,0x1,0x2201,0xf6670ccd,0,0,0,0,0,PASS,reference payload encode/decode and digest match
len127_prbs7_mask0x2,positive,127,prbs7,0x2,0x2,0x2201,0xf6670ccd,1,0,0,0,0,PASS,reference payload encode/decode and digest match
len127_prbs7_mask0x3,positive,127,prbs7,0x3,0x3,0x2201,0xf6670ccd,"0,1",0,0,0,0,PASS,reference payload encode/decode and digest match
len127_prbs15_mask0x1,positive,127,prbs15,0x1,0x1,0x2201,0x3e7a5bc0,0,0,0,0,0,PASS,reference payload encode/decode and digest match
len127_prbs15_mask0x2,positive,127,prbs15,0x2,0x2,0x2201,0x3e7a5bc0,1,0,0,0,0,PASS,reference payload encode/decode and digest match
len127_prbs15_mask0x3,positive,127,prbs15,0x3,0x3,0x2201,0x3e7a5bc0,"0,1",0,0,0,0,PASS,reference payload encode/decode and digest match
len127_deterministic_random_mask0x1,positive,127,deterministic_random,0x1,0x1,0x2201,0xa7e2ca22,0,0,0,0,0,PASS,reference payload encode/decode and digest match
len127_deterministic_random_mask0x2,positive,127,deterministic_random,0x2,0x2,0x2201,0xa7e2ca22,1,0,0,0,0,PASS,reference payload encode/decode and digest match
len127_deterministic_random_mask0x3,positive,127,deterministic_random,0x3,0x3,0x2201,0xa7e2ca22,"0,1",0,0,0,0,PASS,reference payload encode/decode and digest match
len128_zeros_mask0x1,positive,128,zeros,0x1,0x1,0x2201,0xc2a8fa9d,0,0,0,0,0,PASS,reference payload encode/decode and digest match
len128_zeros_mask0x2,positive,128,zeros,0x2,0x2,0x2201,0xc2a8fa9d,1,0,0,0,0,PASS,reference payload encode/decode and digest match
len128_zeros_mask0x3,positive,128,zeros,0x3,0x3,0x2201,0xc2a8fa9d,"0,1",0,0,0,0,PASS,reference payload encode/decode and digest match
len128_ones_mask0x1,positive,128,ones,0x1,0x1,0x2201,0x652d544c,0,0,0,0,0,PASS,reference payload encode/decode and digest match
len128_ones_mask0x2,positive,128,ones,0x2,0x2,0x2201,0x652d544c,1,0,0,0,0,PASS,reference payload encode/decode and digest match
len128_ones_mask0x3,positive,128,ones,0x3,0x3,0x2201,0x652d544c,"0,1",0,0,0,0,PASS,reference payload encode/decode and digest match
len128_0xAA_mask0x1,positive,128,0xAA,0x1,0x1,0x2201,0xb17ecc3c,0,0,0,0,0,PASS,reference payload encode/decode and digest match
len128_0xAA_mask0x2,positive,128,0xAA,0x2,0x2,0x2201,0xb17ecc3c,1,0,0,0,0,PASS,reference payload encode/decode and digest match
len128_0xAA_mask0x3,positive,128,0xAA,0x3,0x3,0x2201,0xb17ecc3c,"0,1",0,0,0,0,PASS,reference payload encode/decode and digest match
len128_0x55_mask0x1,positive,128,0x55,0x1,0x1,0x2201,0x16fb62ed,0,0,0,0,0,PASS,reference payload encode/decode and digest match
len128_0x55_mask0x2,positive,128,0x55,0x2,0x2,0x2201,0x16fb62ed,1,0,0,0,0,PASS,reference payload encode/decode and digest match
len128_0x55_mask0x3,positive,128,0x55,0x3,0x3,0x2201,0x16fb62ed,"0,1",0,0,0,0,PASS,reference payload encode/decode and digest match
len128_counter_mask0x1,positive,128,counter,0x1,0x1,0x2201,0x24650d57,0,0,0,0,0,PASS,reference payload encode/decode and digest match
len128_counter_mask0x2,positive,128,counter,0x2,0x2,0x2201,0x24650d57,1,0,0,0,0,PASS,reference payload encode/decode and digest match
len128_counter_mask0x3,positive,128,counter,0x3,0x3,0x2201,0x24650d57,"0,1",0,0,0,0,PASS,reference payload encode/decode and digest match
len128_walking_one_mask0x1,positive,128,walking_one,0x1,0x1,0x2201,0x3409e405,0,0,0,0,0,PASS,reference payload encode/decode and digest match
len128_walking_one_mask0x2,positive,128,walking_one,0x2,0x2,0x2201,0x3409e405,1,0,0,0,0,PASS,reference payload encode/decode and digest match
len128_walking_one_mask0x3,positive,128,walking_one,0x3,0x3,0x2201,0x3409e405,"0,1",0,0,0,0,PASS,reference payload encode/decode and digest match
len128_walking_zero_mask0x1,positive,128,walking_zero,0x1,0x1,0x2201,0x938c4ad4,0,0,0,0,0,PASS,reference payload encode/decode and digest match
len128_walking_zero_mask0x2,positive,128,walking_zero,0x2,0x2,0x2201,0x938c4ad4,1,0,0,0,0,PASS,reference payload encode/decode and digest match
len128_walking_zero_mask0x3,positive,128,walking_zero,0x3,0x3,0x2201,0x938c4ad4,"0,1",0,0,0,0,PASS,reference payload encode/decode and digest match
len128_prbs7_mask0x1,positive,128,prbs7,0x1,0x1,0x2201,0xf0f69e38,0,0,0,0,0,PASS,reference payload encode/decode and digest match
len128_prbs7_mask0x2,positive,128,prbs7,0x2,0x2,0x2201,0xf0f69e38,1,0,0,0,0,PASS,reference payload encode/decode and digest match
len128_prbs7_mask0x3,positive,128,prbs7,0x3,0x3,0x2201,0xf0f69e38,"0,1",0,0,0,0,PASS,reference payload encode/decode and digest match
len128_prbs15_mask0x1,positive,128,prbs15,0x1,0x1,0x2201,0x958e5aa9,0,0,0,0,0,PASS,reference payload encode/decode and digest match
len128_prbs15_mask0x2,positive,128,prbs15,0x2,0x2,0x2201,0x958e5aa9,1,0,0,0,0,PASS,reference payload encode/decode and digest match
len128_prbs15_mask0x3,positive,128,prbs15,0x3,0x3,0x2201,0x958e5aa9,"0,1",0,0,0,0,PASS,reference payload encode/decode and digest match
len128_deterministic_random_mask0x1,positive,128,deterministic_random,0x1,0x1,0x2201,0x1d1f98de,0,0,0,0,0,PASS,reference payload encode/decode and digest match
len128_deterministic_random_mask0x2,positive,128,deterministic_random,0x2,0x2,0x2201,0x1d1f98de,1,0,0,0,0,PASS,reference payload encode/decode and digest match
len128_deterministic_random_mask0x3,positive,128,deterministic_random,0x3,0x3,0x2201,0x1d1f98de,"0,1",0,0,0,0,PASS,reference payload encode/decode and digest match
len191_zeros_mask0x1,positive,191,zeros,0x1,0x1,0x2201,0x4eda687c,0,0,0,0,0,PASS,reference payload encode/decode and digest match
len191_zeros_mask0x2,positive,191,zeros,0x2,0x2,0x2201,0x4eda687c,1,0,0,0,0,PASS,reference payload encode/decode and digest match
len191_zeros_mask0x3,positive,191,zeros,0x3,0x3,0x2201,0x4eda687c,"0,1",0,0,0,0,PASS,reference payload encode/decode and digest match
len191_ones_mask0x1,positive,191,ones,0x1,0x1,0x2201,0x044a1a57,0,0,0,0,0,PASS,reference payload encode/decode and digest match
len191_ones_mask0x2,positive,191,ones,0x2,0x2,0x2201,0x044a1a57,1,0,0,0,0,PASS,reference payload encode/decode and digest match
len191_ones_mask0x3,positive,191,ones,0x3,0x3,0x2201,0x044a1a57,"0,1",0,0,0,0,PASS,reference payload encode/decode and digest match
len191_0xAA_mask0x1,positive,191,0xAA,0x1,0x1,0x2201,0x8b153671,0,0,0,0,0,PASS,reference payload encode/decode and digest match
len191_0xAA_mask0x2,positive,191,0xAA,0x2,0x2,0x2201,0x8b153671,1,0,0,0,0,PASS,reference payload encode/decode and digest match
len191_0xAA_mask0x3,positive,191,0xAA,0x3,0x3,0x2201,0x8b153671,"0,1",0,0,0,0,PASS,reference payload encode/decode and digest match
len191_0x55_mask0x1,positive,191,0x55,0x1,0x1,0x2201,0xc185445a,0,0,0,0,0,PASS,reference payload encode/decode and digest match
len191_0x55_mask0x2,positive,191,0x55,0x2,0x2,0x2201,0xc185445a,1,0,0,0,0,PASS,reference payload encode/decode and digest match
len191_0x55_mask0x3,positive,191,0x55,0x3,0x3,0x2201,0xc185445a,"0,1",0,0,0,0,PASS,reference payload encode/decode and digest match
len191_counter_mask0x1,positive,191,counter,0x1,0x1,0x2201,0x71867641,0,0,0,0,0,PASS,reference payload encode/decode and digest match
len191_counter_mask0x2,positive,191,counter,0x2,0x2,0x2201,0x71867641,1,0,0,0,0,PASS,reference payload encode/decode and digest match
len191_counter_mask0x3,positive,191,counter,0x3,0x3,0x2201,0x71867641,"0,1",0,0,0,0,PASS,reference payload encode/decode and digest match
len191_walking_one_mask0x1,positive,191,walking_one,0x1,0x1,0x2201,0xfb6a65a0,0,0,0,0,0,PASS,reference payload encode/decode and digest match
len191_walking_one_mask0x2,positive,191,walking_one,0x2,0x2,0x2201,0xfb6a65a0,1,0,0,0,0,PASS,reference payload encode/decode and digest match
len191_walking_one_mask0x3,positive,191,walking_one,0x3,0x3,0x2201,0xfb6a65a0,"0,1",0,0,0,0,PASS,reference payload encode/decode and digest match
len191_walking_zero_mask0x1,positive,191,walking_zero,0x1,0x1,0x2201,0xb1fa178b,0,0,0,0,0,PASS,reference payload encode/decode and digest match
len191_walking_zero_mask0x2,positive,191,walking_zero,0x2,0x2,0x2201,0xb1fa178b,1,0,0,0,0,PASS,reference payload encode/decode and digest match
len191_walking_zero_mask0x3,positive,191,walking_zero,0x3,0x3,0x2201,0xb1fa178b,"0,1",0,0,0,0,PASS,reference payload encode/decode and digest match
len191_prbs7_mask0x1,positive,191,prbs7,0x1,0x1,0x2201,0xbc8a8b19,0,0,0,0,0,PASS,reference payload encode/decode and digest match
len191_prbs7_mask0x2,positive,191,prbs7,0x2,0x2,0x2201,0xbc8a8b19,1,0,0,0,0,PASS,reference payload encode/decode and digest match
len191_prbs7_mask0x3,positive,191,prbs7,0x3,0x3,0x2201,0xbc8a8b19,"0,1",0,0,0,0,PASS,reference payload encode/decode and digest match
len191_prbs15_mask0x1,positive,191,prbs15,0x1,0x1,0x2201,0x0a04d36e,0,0,0,0,0,PASS,reference payload encode/decode and digest match
len191_prbs15_mask0x2,positive,191,prbs15,0x2,0x2,0x2201,0x0a04d36e,1,0,0,0,0,PASS,reference payload encode/decode and digest match
len191_prbs15_mask0x3,positive,191,prbs15,0x3,0x3,0x2201,0x0a04d36e,"0,1",0,0,0,0,PASS,reference payload encode/decode and digest match
len191_deterministic_random_mask0x1,positive,191,deterministic_random,0x1,0x1,0x2201,0x57a9ea3e,0,0,0,0,0,PASS,reference payload encode/decode and digest match
len191_deterministic_random_mask0x2,positive,191,deterministic_random,0x2,0x2,0x2201,0x57a9ea3e,1,0,0,0,0,PASS,reference payload encode/decode and digest match
len191_deterministic_random_mask0x3,positive,191,deterministic_random,0x3,0x3,0x2201,0x57a9ea3e,"0,1",0,0,0,0,PASS,reference payload encode/decode and digest match
len247_zeros_mask0x1,positive,247,zeros,0x1,0x1,0x2201,0xa491b1d2,0,0,0,0,0,PASS,reference payload encode/decode and digest match
len247_zeros_mask0x2,positive,247,zeros,0x2,0x2,0x2201,0xa491b1d2,1,0,0,0,0,PASS,reference payload encode/decode and digest match
len247_zeros_mask0x3,positive,247,zeros,0x3,0x3,0x2201,0xa491b1d2,"0,1",0,0,0,0,PASS,reference payload encode/decode and digest match
len247_ones_mask0x1,positive,247,ones,0x1,0x1,0x2201,0x072c7010,0,0,0,0,0,PASS,reference payload encode/decode and digest match
len247_ones_mask0x2,positive,247,ones,0x2,0x2,0x2201,0x072c7010,1,0,0,0,0,PASS,reference payload encode/decode and digest match
len247_ones_mask0x3,positive,247,ones,0x3,0x3,0x2201,0x072c7010,"0,1",0,0,0,0,PASS,reference payload encode/decode and digest match
len247_0xAA_mask0x1,positive,247,0xAA,0x1,0x1,0x2201,0x664730ae,0,0,0,0,0,PASS,reference payload encode/decode and digest match
len247_0xAA_mask0x2,positive,247,0xAA,0x2,0x2,0x2201,0x664730ae,1,0,0,0,0,PASS,reference payload encode/decode and digest match
len247_0xAA_mask0x3,positive,247,0xAA,0x3,0x3,0x2201,0x664730ae,"0,1",0,0,0,0,PASS,reference payload encode/decode and digest match
len247_0x55_mask0x1,positive,247,0x55,0x1,0x1,0x2201,0xc5faf16c,0,0,0,0,0,PASS,reference payload encode/decode and digest match
len247_0x55_mask0x2,positive,247,0x55,0x2,0x2,0x2201,0xc5faf16c,1,0,0,0,0,PASS,reference payload encode/decode and digest match
len247_0x55_mask0x3,positive,247,0x55,0x3,0x3,0x2201,0xc5faf16c,"0,1",0,0,0,0,PASS,reference payload encode/decode and digest match
len247_counter_mask0x1,positive,247,counter,0x1,0x1,0x2201,0x9352f266,0,0,0,0,0,PASS,reference payload encode/decode and digest match
len247_counter_mask0x2,positive,247,counter,0x2,0x2,0x2201,0x9352f266,1,0,0,0,0,PASS,reference payload encode/decode and digest match
len247_counter_mask0x3,positive,247,counter,0x3,0x3,0x2201,0x9352f266,"0,1",0,0,0,0,PASS,reference payload encode/decode and digest match
len247_walking_one_mask0x1,positive,247,walking_one,0x1,0x1,0x2201,0x1da6da27,0,0,0,0,0,PASS,reference payload encode/decode and digest match
len247_walking_one_mask0x2,positive,247,walking_one,0x2,0x2,0x2201,0x1da6da27,1,0,0,0,0,PASS,reference payload encode/decode and digest match
len247_walking_one_mask0x3,positive,247,walking_one,0x3,0x3,0x2201,0x1da6da27,"0,1",0,0,0,0,PASS,reference payload encode/decode and digest match
len247_walking_zero_mask0x1,positive,247,walking_zero,0x1,0x1,0x2201,0xbe1b1be5,0,0,0,0,0,PASS,reference payload encode/decode and digest match
len247_walking_zero_mask0x2,positive,247,walking_zero,0x2,0x2,0x2201,0xbe1b1be5,1,0,0,0,0,PASS,reference payload encode/decode and digest match
len247_walking_zero_mask0x3,positive,247,walking_zero,0x3,0x3,0x2201,0xbe1b1be5,"0,1",0,0,0,0,PASS,reference payload encode/decode and digest match
len247_prbs7_mask0x1,positive,247,prbs7,0x1,0x1,0x2201,0x1249f340,0,0,0,0,0,PASS,reference payload encode/decode and digest match
len247_prbs7_mask0x2,positive,247,prbs7,0x2,0x2,0x2201,0x1249f340,1,0,0,0,0,PASS,reference payload encode/decode and digest match
len247_prbs7_mask0x3,positive,247,prbs7,0x3,0x3,0x2201,0x1249f340,"0,1",0,0,0,0,PASS,reference payload encode/decode and digest match
len247_prbs15_mask0x1,positive,247,prbs15,0x1,0x1,0x2201,0x686b549b,0,0,0,0,0,PASS,reference payload encode/decode and digest match
len247_prbs15_mask0x2,positive,247,prbs15,0x2,0x2,0x2201,0x686b549b,1,0,0,0,0,PASS,reference payload encode/decode and digest match
len247_prbs15_mask0x3,positive,247,prbs15,0x3,0x3,0x2201,0x686b549b,"0,1",0,0,0,0,PASS,reference payload encode/decode and digest match
len247_deterministic_random_mask0x1,positive,247,deterministic_random,0x1,0x1,0x2201,0x6a3cdf0c,0,0,0,0,0,PASS,reference payload encode/decode and digest match
len247_deterministic_random_mask0x2,positive,247,deterministic_random,0x2,0x2,0x2201,0x6a3cdf0c,1,0,0,0,0,PASS,reference payload encode/decode and digest match
len247_deterministic_random_mask0x3,positive,247,deterministic_random,0x3,0x3,0x2201,0x6a3cdf0c,"0,1",0,0,0,0,PASS,reference payload encode/decode and digest match
negative_session_mismatch,negative,16,counter,0x1,0x1,0x2202,0xcecee288,0,0,0,0,0,REJECTED_AS_EXPECTED,session mismatch is bounded reject in reference validator
negative_ack_mask_mismatch,negative,16,counter,0x1,0x2,0x2201,0xcecee288,0,0,0,0,0,REJECTED_AS_EXPECTED,ack mask mismatch is bounded reject in reference validator
negative_lane_mask_gt_0x3,negative,16,counter,0x4,0x4,0x2201,0xcecee288,,0,0,0,0,REJECTED_BEFORE_HARDWARE_TX,lane mask above 0x3 is rejected before hardware emission
